url1,url2,similarity
https://www.qnbtrust.bank/Resources/Learning-Center/Blog/7-cyber-security-tips,https://www.connectwise.com/blog/phishing-prevention-tips,0.9999999403953552
https://www.qnbtrust.bank/Resources/Learning-Center/Blog/7-cyber-security-tips,https://www.hpe.com/us/en/what-is/sd-wan.html,0.9999999403953552
https://www.qnbtrust.bank/Resources/Learning-Center/Blog/7-cyber-security-tips,https://support.microsoft.com/en-us/windows/how-to-use-remote-desktop-5fe128d5-8fb1-7a23-3b8a-41e636865e8c,0.9999999403953552
https://www.qnbtrust.bank/Resources/Learning-Center/Blog/7-cyber-security-tips,https://www.cloudflare.com/learning/access-management/what-is-ztna/,0.9999999403953552
https://www.qnbtrust.bank/Resources/Learning-Center/Blog/7-cyber-security-tips,https://towardsdatascience.com/machine-learning-basics-with-examples-part-1-c2d37247ec3d,0.9999999403953552
https://www.qnbtrust.bank/Resources/Learning-Center/Blog/7-cyber-security-tips,https://www.analyticsvidhya.com/blog/2021/09/comprehensive-guide-on-machine-learning/,0.9999999403953552
https://www.qnbtrust.bank/Resources/Learning-Center/Blog/7-cyber-security-tips,https://www.investopedia.com/terms/s/seo.asp,0.9999999403953552
https://www.qnbtrust.bank/Resources/Learning-Center/Blog/7-cyber-security-tips,https://www.dollardays.com/?srsltid=AfmBOopXjdOu2Kwq6fwYN9FPfB19MorSOf5UyS0EisxFSAzOm8wbl8KF,0.9999999403953552
https://www.qnbtrust.bank/Resources/Learning-Center/Blog/7-cyber-security-tips,https://www.reuters.com/technology/artificial-intelligence/,0.9999999403953552
https://www.qnbtrust.bank/Resources/Learning-Center/Blog/7-cyber-security-tips,https://www.cnbc.com/artificial-intelligence/,0.9999999403953552
https://www.qnbtrust.bank/Resources/Learning-Center/Blog/7-cyber-security-tips,https://www.bbc.com/news/topics/c404v061z99t,0.9999999403953552
https://nordlayer.com/learn/network-security/basics/,https://digitdefence.com/blog/fundamentals-of-network-security-in-computer-networks,0.8010512590408325
https://www.connectwise.com/blog/phishing-prevention-tips,https://www.hpe.com/us/en/what-is/sd-wan.html,0.9999999403953552
https://www.connectwise.com/blog/phishing-prevention-tips,https://support.microsoft.com/en-us/windows/how-to-use-remote-desktop-5fe128d5-8fb1-7a23-3b8a-41e636865e8c,0.9999999403953552
https://www.connectwise.com/blog/phishing-prevention-tips,https://www.cloudflare.com/learning/access-management/what-is-ztna/,0.9999999403953552
https://www.connectwise.com/blog/phishing-prevention-tips,https://towardsdatascience.com/machine-learning-basics-with-examples-part-1-c2d37247ec3d,0.9999999403953552
https://www.connectwise.com/blog/phishing-prevention-tips,https://www.analyticsvidhya.com/blog/2021/09/comprehensive-guide-on-machine-learning/,0.9999999403953552
https://www.connectwise.com/blog/phishing-prevention-tips,https://www.investopedia.com/terms/s/seo.asp,0.9999999403953552
https://www.connectwise.com/blog/phishing-prevention-tips,https://www.dollardays.com/?srsltid=AfmBOopXjdOu2Kwq6fwYN9FPfB19MorSOf5UyS0EisxFSAzOm8wbl8KF,0.9999999403953552
https://www.connectwise.com/blog/phishing-prevention-tips,https://www.reuters.com/technology/artificial-intelligence/,0.9999999403953552
https://www.connectwise.com/blog/phishing-prevention-tips,https://www.cnbc.com/artificial-intelligence/,0.9999999403953552
https://www.connectwise.com/blog/phishing-prevention-tips,https://www.bbc.com/news/topics/c404v061z99t,0.9999999403953552
https://www.hpe.com/us/en/what-is/sd-wan.html,https://support.microsoft.com/en-us/windows/how-to-use-remote-desktop-5fe128d5-8fb1-7a23-3b8a-41e636865e8c,0.9999999403953552
https://www.hpe.com/us/en/what-is/sd-wan.html,https://www.cloudflare.com/learning/access-management/what-is-ztna/,0.9999999403953552
https://www.hpe.com/us/en/what-is/sd-wan.html,https://towardsdatascience.com/machine-learning-basics-with-examples-part-1-c2d37247ec3d,0.9999999403953552
https://www.hpe.com/us/en/what-is/sd-wan.html,https://www.analyticsvidhya.com/blog/2021/09/comprehensive-guide-on-machine-learning/,0.9999999403953552
https://www.hpe.com/us/en/what-is/sd-wan.html,https://www.investopedia.com/terms/s/seo.asp,0.9999999403953552
https://www.hpe.com/us/en/what-is/sd-wan.html,https://www.dollardays.com/?srsltid=AfmBOopXjdOu2Kwq6fwYN9FPfB19MorSOf5UyS0EisxFSAzOm8wbl8KF,0.9999999403953552
https://www.hpe.com/us/en/what-is/sd-wan.html,https://www.reuters.com/technology/artificial-intelligence/,0.9999999403953552
https://www.hpe.com/us/en/what-is/sd-wan.html,https://www.cnbc.com/artificial-intelligence/,0.9999999403953552
https://www.hpe.com/us/en/what-is/sd-wan.html,https://www.bbc.com/news/topics/c404v061z99t,0.9999999403953552
https://support.microsoft.com/en-us/windows/how-to-use-remote-desktop-5fe128d5-8fb1-7a23-3b8a-41e636865e8c,https://www.cloudflare.com/learning/access-management/what-is-ztna/,0.9999999403953552
https://support.microsoft.com/en-us/windows/how-to-use-remote-desktop-5fe128d5-8fb1-7a23-3b8a-41e636865e8c,https://towardsdatascience.com/machine-learning-basics-with-examples-part-1-c2d37247ec3d,0.9999999403953552
https://support.microsoft.com/en-us/windows/how-to-use-remote-desktop-5fe128d5-8fb1-7a23-3b8a-41e636865e8c,https://www.analyticsvidhya.com/blog/2021/09/comprehensive-guide-on-machine-learning/,0.9999999403953552
https://support.microsoft.com/en-us/windows/how-to-use-remote-desktop-5fe128d5-8fb1-7a23-3b8a-41e636865e8c,https://www.investopedia.com/terms/s/seo.asp,0.9999999403953552
https://support.microsoft.com/en-us/windows/how-to-use-remote-desktop-5fe128d5-8fb1-7a23-3b8a-41e636865e8c,https://www.dollardays.com/?srsltid=AfmBOopXjdOu2Kwq6fwYN9FPfB19MorSOf5UyS0EisxFSAzOm8wbl8KF,0.9999999403953552
https://support.microsoft.com/en-us/windows/how-to-use-remote-desktop-5fe128d5-8fb1-7a23-3b8a-41e636865e8c,https://www.reuters.com/technology/artificial-intelligence/,0.9999999403953552
https://support.microsoft.com/en-us/windows/how-to-use-remote-desktop-5fe128d5-8fb1-7a23-3b8a-41e636865e8c,https://www.cnbc.com/artificial-intelligence/,0.9999999403953552
https://support.microsoft.com/en-us/windows/how-to-use-remote-desktop-5fe128d5-8fb1-7a23-3b8a-41e636865e8c,https://www.bbc.com/news/topics/c404v061z99t,0.9999999403953552
https://www.cloudflare.com/learning/access-management/what-is-ztna/,https://towardsdatascience.com/machine-learning-basics-with-examples-part-1-c2d37247ec3d,0.9999999403953552
https://www.cloudflare.com/learning/access-management/what-is-ztna/,https://www.analyticsvidhya.com/blog/2021/09/comprehensive-guide-on-machine-learning/,0.9999999403953552
https://www.cloudflare.com/learning/access-management/what-is-ztna/,https://www.investopedia.com/terms/s/seo.asp,0.9999999403953552
https://www.cloudflare.com/learning/access-management/what-is-ztna/,https://www.dollardays.com/?srsltid=AfmBOopXjdOu2Kwq6fwYN9FPfB19MorSOf5UyS0EisxFSAzOm8wbl8KF,0.9999999403953552
https://www.cloudflare.com/learning/access-management/what-is-ztna/,https://www.reuters.com/technology/artificial-intelligence/,0.9999999403953552
https://www.cloudflare.com/learning/access-management/what-is-ztna/,https://www.cnbc.com/artificial-intelligence/,0.9999999403953552
https://www.cloudflare.com/learning/access-management/what-is-ztna/,https://www.bbc.com/news/topics/c404v061z99t,0.9999999403953552
https://nytlicensing.com/latest/trends/content-marketing-best-practices-2022/,https://copyblogger.com/content-marketing/,0.8243701457977295
https://towardsdatascience.com/machine-learning-basics-with-examples-part-1-c2d37247ec3d,https://www.analyticsvidhya.com/blog/2021/09/comprehensive-guide-on-machine-learning/,0.9999999403953552
https://towardsdatascience.com/machine-learning-basics-with-examples-part-1-c2d37247ec3d,https://www.investopedia.com/terms/s/seo.asp,0.9999999403953552
https://towardsdatascience.com/machine-learning-basics-with-examples-part-1-c2d37247ec3d,https://www.dollardays.com/?srsltid=AfmBOopXjdOu2Kwq6fwYN9FPfB19MorSOf5UyS0EisxFSAzOm8wbl8KF,0.9999999403953552
https://towardsdatascience.com/machine-learning-basics-with-examples-part-1-c2d37247ec3d,https://www.reuters.com/technology/artificial-intelligence/,0.9999999403953552
https://towardsdatascience.com/machine-learning-basics-with-examples-part-1-c2d37247ec3d,https://www.cnbc.com/artificial-intelligence/,0.9999999403953552
https://towardsdatascience.com/machine-learning-basics-with-examples-part-1-c2d37247ec3d,https://www.bbc.com/news/topics/c404v061z99t,0.9999999403953552
https://www.analyticsvidhya.com/blog/2021/09/comprehensive-guide-on-machine-learning/,https://www.investopedia.com/terms/s/seo.asp,0.9999999403953552
https://www.analyticsvidhya.com/blog/2021/09/comprehensive-guide-on-machine-learning/,https://www.dollardays.com/?srsltid=AfmBOopXjdOu2Kwq6fwYN9FPfB19MorSOf5UyS0EisxFSAzOm8wbl8KF,0.9999999403953552
https://www.analyticsvidhya.com/blog/2021/09/comprehensive-guide-on-machine-learning/,https://www.reuters.com/technology/artificial-intelligence/,0.9999999403953552
https://www.analyticsvidhya.com/blog/2021/09/comprehensive-guide-on-machine-learning/,https://www.cnbc.com/artificial-intelligence/,0.9999999403953552
https://www.analyticsvidhya.com/blog/2021/09/comprehensive-guide-on-machine-learning/,https://www.bbc.com/news/topics/c404v061z99t,0.9999999403953552
https://www.forbes.com/advisor/business/what-is-digital-marketing/,https://blog.hubspot.com/marketing/what-is-digital-marketing,0.808622419834137
https://www.investopedia.com/terms/s/seo.asp,https://www.dollardays.com/?srsltid=AfmBOopXjdOu2Kwq6fwYN9FPfB19MorSOf5UyS0EisxFSAzOm8wbl8KF,0.9999999403953552
https://www.investopedia.com/terms/s/seo.asp,https://www.reuters.com/technology/artificial-intelligence/,0.9999999403953552
https://www.investopedia.com/terms/s/seo.asp,https://www.cnbc.com/artificial-intelligence/,0.9999999403953552
https://www.investopedia.com/terms/s/seo.asp,https://www.bbc.com/news/topics/c404v061z99t,0.9999999403953552
https://www.dollardays.com/?srsltid=AfmBOopXjdOu2Kwq6fwYN9FPfB19MorSOf5UyS0EisxFSAzOm8wbl8KF,https://www.reuters.com/technology/artificial-intelligence/,0.9999999403953552
https://www.dollardays.com/?srsltid=AfmBOopXjdOu2Kwq6fwYN9FPfB19MorSOf5UyS0EisxFSAzOm8wbl8KF,https://www.cnbc.com/artificial-intelligence/,0.9999999403953552
https://www.dollardays.com/?srsltid=AfmBOopXjdOu2Kwq6fwYN9FPfB19MorSOf5UyS0EisxFSAzOm8wbl8KF,https://www.bbc.com/news/topics/c404v061z99t,0.9999999403953552
https://en.wikipedia.org/wiki/Search_engine_optimization,https://simple.wikipedia.org/wiki/Search_engine_optimization,0.80266934633255
https://en.wikipedia.org/wiki/Content_marketing,https://simple.wikipedia.org/wiki/Content_marketing,0.808232843875885
https://en.wikipedia.org/wiki/Digital_marketing,https://simple.wikipedia.org/wiki/Digital_marketing,0.8159130215644836
https://www.reuters.com/technology/artificial-intelligence/,https://www.cnbc.com/artificial-intelligence/,0.9999999403953552
https://www.reuters.com/technology/artificial-intelligence/,https://www.bbc.com/news/topics/c404v061z99t,0.9999999403953552
https://www.cnbc.com/artificial-intelligence/,https://www.bbc.com/news/topics/c404v061z99t,0.9999999403953552
